is_post,publish_date,author,url,post_title,comment_count
1,"Thursday, August 14, 2014",eva lantsoght,http://phdtalk.blogspot.com/2014/08/how-you-should-prepare-for-career.html,How you should prepare for a career outside of academia: 7 lucky tips for a smoother transition,0
1,"Tuesday, August 12, 2014",eva lantsoght,http://phdtalk.blogspot.com/2014/08/some-changes-to-phd-talk.html,Some changes to PhD Talk,2
1,"Thursday, August 7, 2014",eva lantsoght,http://phdtalk.blogspot.com/2014/08/phd-talk-for-academictransfer.html,PhD Talk for AcademicTransfer: Navigating Responsibilities as an young Faculty Member,0
1,"Sunday, August 3, 2014",eva lantsoght,http://phdtalk.blogspot.com/2014/08/an-example-outline-diagram-for.html,An example outline diagram for structuring your dissertation,0
1,"Thursday, July 31, 2014",eva lantsoght,http://phdtalk.blogspot.com/2014/07/practical-application-of-transverse.html,Practical Application of Transverse Load Redistribution in Reinforced Concrete Solid Slab Bridges,0
1,"Tuesday, July 29, 2014",eva lantsoght,http://phdtalk.blogspot.com/2014/07/recommendations-for-shear-assessment-of.html,Recommendations for the Shear Assessment of Reinforced Concrete Solid Slab Bridges,0
1,"Sunday, July 27, 2014",eva lantsoght,http://phdtalk.blogspot.com/2014/07/writers-lab-10-tips-for-more-productive.html,Writers' Lab: 10 Tips for more productive academic writing,2
1,"Thursday, July 24, 2014",eva lantsoght,http://phdtalk.blogspot.com/2014/07/being-smart-is-not-enough-four-factors.html,Being smart is not enough - Four factors necessary for success,1
1,"Tuesday, July 22, 2014",eva lantsoght,http://phdtalk.blogspot.com/2014/07/on-moving-across-continents.html,On moving across continents,0
1,"Sunday, July 20, 2014",eva lantsoght,http://phdtalk.blogspot.com/2014/07/playing-in-creative-sandbox.html,Playing in the Creative Sandbox,0
1,"Thursday, July 17, 2014",eva lantsoght,http://phdtalk.blogspot.com/2014/07/replacing-blockify-by-ezblocker.html,Replacing Blockify by EZBlocker,0
1,"Tuesday, July 15, 2014",eva lantsoght,http://phdtalk.blogspot.com/2014/07/on-waking-up-early.html,On waking up early,0
1,"Sunday, July 13, 2014",eva lantsoght,http://phdtalk.blogspot.com/2014/07/storify-on-gender-in-academia.html,Storify on Gender in Academia,0
1,"Thursday, July 10, 2014",eva lantsoght,http://phdtalk.blogspot.com/2014/07/asking-questions-at-conferences.html,Asking questions at conferences,2
1,"Tuesday, July 8, 2014",eva lantsoght,http://phdtalk.blogspot.com/2014/07/writers-lab-varying-sentence-length-for.html,Writer's Lab: Varying sentence length for better writing,6
1,"Sunday, July 6, 2014",eva lantsoght,http://phdtalk.blogspot.com/2014/07/silver-linings-gratitude.html,Silver Linings: Gratitude,5
1,"Thursday, July 3, 2014",eva lantsoght,http://phdtalk.blogspot.com/2014/07/phd-talk-for-academictransfer-how-to.html,PhD Talk for AcademicTransfer: How to develop the outline for your dissertation,4
1,"Tuesday, July 1, 2014",eva lantsoght,http://phdtalk.blogspot.com/2014/07/lecture-on-impostor-syndrome.html,Lecture on the Impostor Syndrome,1
1,"Sunday, June 29, 2014",eva lantsoght,http://phdtalk.blogspot.com/2014/06/what-i-learned-from-planning-my.html,What I learned from planning my academic life to the minute,5
1,"Tuesday, June 24, 2014",eva lantsoght,http://phdtalk.blogspot.com/2014/06/how-i-tamed-my-smartphone.html,How I tamed my smartphone,5
1,"Sunday, June 22, 2014",eva lantsoght,http://phdtalk.blogspot.com/2014/06/where-are-all-women-in-science.html,Where are all the women in science?,8
1,"Thursday, June 19, 2014",eva lantsoght,http://phdtalk.blogspot.com/2014/06/long-overdue-update-on-veganchallenge.html,Long overdue update on the VeganChallenge,2
1,"Tuesday, June 17, 2014",eva lantsoght,http://phdtalk.blogspot.com/2014/06/scrambling-yourself-together-and-making.html,Scrambling yourself together and making big changes in your research,2
1,"Sunday, June 15, 2014",eva lantsoght,http://phdtalk.blogspot.com/2014/06/digging-for-gold-in-literature-review.html,Digging for gold in the literature review,2
1,"Thursday, June 12, 2014",eva lantsoght,http://phdtalk.blogspot.com/2014/06/a-nomads-life-on-working-in-two.html,A nomad's life: on working in two continents,0
1,"Tuesday, June 10, 2014",eva lantsoght,http://phdtalk.blogspot.com/2014/06/the-gre-as-preparation-for-graduate.html,The GRE as preparation for graduate school,1
1,"Sunday, June 8, 2014",eva lantsoght,http://phdtalk.blogspot.com/2014/06/back-in-netherlands.html,Back in the Netherlands,0
1,"Thursday, June 5, 2014",eva lantsoght,http://phdtalk.blogspot.com/2014/06/phd-talk-for-academictransfer-how-to.html,PhD Talk for AcademicTransfer: How to know when to change course in your research,2
1,"Tuesday, June 3, 2014",eva lantsoght,http://phdtalk.blogspot.com/2014/06/software-review-tuneup.html,Software review: TuneUp,6
1,"Sunday, June 1, 2014",eva lantsoght,http://phdtalk.blogspot.com/2014/06/managing-email-in-academia.html,Managing email in academia,5
1,"Thursday, May 29, 2014",eva lantsoght,http://phdtalk.blogspot.com/2014/05/accomodating-different-learning-styles.html,Accommodating different learning styles in (traditional) lectures,5
1,"Tuesday, May 27, 2014",eva lantsoght,http://phdtalk.blogspot.com/2014/05/5-great-apps-for-grad-students.html,5 Great Apps for Grad Students,3
1,"Sunday, May 25, 2014",eva lantsoght,http://phdtalk.blogspot.com/2014/05/twitter-in-academia-results-from-116.html,Twitter in Academia: Results from 116 Marine Scientists,0
1,"Thursday, May 22, 2014",eva lantsoght,http://phdtalk.blogspot.com/2014/05/the-routines-of-highly-creative-people.html,The routines of highly creative people,0
1,"Tuesday, May 20, 2014",eva lantsoght,http://phdtalk.blogspot.com/2014/05/ten-things-i-miss-about-europe.html,Ten things I miss about Europe,0
1,"Sunday, May 18, 2014",eva lantsoght,http://phdtalk.blogspot.com/2014/05/ten-things-i-enjoy-about-ecuador.html,Ten things I enjoy about Ecuador,0
1,"Thursday, May 15, 2014",eva lantsoght,http://phdtalk.blogspot.com/2014/05/what-should-you-do-after-your-phd.html,What should you do after your PhD?,0
1,"Tuesday, May 13, 2014",eva lantsoght,http://phdtalk.blogspot.com/2014/05/writers-lab-how-i-wrote-draft-paper-in.html,Writer's Lab: How I Wrote a Draft Paper in 8 hours,3
1,"Sunday, May 11, 2014",eva lantsoght,http://phdtalk.blogspot.com/2014/05/on-dealing-with-absent-supervisor.html,On dealing with an absent supervisor,2
1,"Thursday, May 8, 2014",eva lantsoght,http://phdtalk.blogspot.com/2014/05/organizing-your-literature-review.html,Organizing your literature review,2
1,"Tuesday, May 6, 2014",eva lantsoght,http://phdtalk.blogspot.com/2014/05/writers-lab-30-ways-to-tackle-writers.html,Writer's Lab: 30 Ways to Tackle Writer's Block,0
1,"Sunday, May 4, 2014",eva lantsoght,http://phdtalk.blogspot.com/2014/05/why-consuming-sugar-is-bad-idea.html,Why consuming sugar is a bad idea,0
1,"Thursday, May 1, 2014",eva lantsoght,http://phdtalk.blogspot.com/2014/05/ten-tips-for-surviving-your-phd-defense.html,Ten Tips for Surviving your PhD Defense,1
1,"Tuesday, April 29, 2014",eva lantsoght,http://phdtalk.blogspot.com/2014/04/writers-lab-five-steps-to-completing.html,Writers' Lab: Five Steps to Completing your First Draft - the Academic Writing Edition,0
1,"Sunday, April 27, 2014",eva lantsoght,http://phdtalk.blogspot.com/2014/04/is-university-expensive.html,Is university expensive?,0
1,"Thursday, April 24, 2014",eva lantsoght,http://phdtalk.blogspot.com/2014/04/how-much-time-does-it-take-to-write.html,How much time does it take to write a paper?,0
1,"Tuesday, April 22, 2014",eva lantsoght,http://phdtalk.blogspot.com/2014/04/apprenticeship-in-co-authoring-papers.html,Apprenticeship in co-authoring papers,0
1,"Sunday, April 20, 2014",eva lantsoght,http://phdtalk.blogspot.com/2014/04/when-exercise-takes-backseat.html,When exercise takes the backseat,4
1,"Thursday, April 17, 2014",eva lantsoght,http://phdtalk.blogspot.com/2014/04/how-to-present-your-proposal.html,How to present your proposal,0
1,"Tuesday, April 15, 2014",eva lantsoght,http://phdtalk.blogspot.com/2014/04/the-second-life-of-dissertation.html,The second life of the dissertation,2
1,"Sunday, April 13, 2014",eva lantsoght,http://phdtalk.blogspot.com/2014/04/the-balance-between-planning-and-room.html,The balance between planning and room for spontaneity,2
1,"Thursday, April 10, 2014",eva lantsoght,http://phdtalk.blogspot.com/2014/04/tips-for-productive-planning-and-using.html,Tips for Productive Planning and Using Lists,0
1,"Tuesday, April 8, 2014",eva lantsoght,http://phdtalk.blogspot.com/2014/04/passing-peak-moment-of-semester.html,Passing the Peak Moment of the Semester,0
1,"Sunday, April 6, 2014",eva lantsoght,http://phdtalk.blogspot.com/2014/04/when-procrastination-makes-your.html,When Procrastination makes your Motivation sink,1
1,"Thursday, April 3, 2014",eva lantsoght,http://phdtalk.blogspot.com/2014/04/one-week-until-best-way-to-successful.html,One Week until The Best Way to a Successful PhD!,0
1,"Tuesday, April 1, 2014",eva lantsoght,http://phdtalk.blogspot.com/2014/04/elected-as-committee-member.html,Elected as a committee member,2
1,"Sunday, March 30, 2014",eva lantsoght,http://phdtalk.blogspot.com/2014/03/dardos-award.html,Dardos award,2
1,"Thursday, March 27, 2014",eva lantsoght,http://phdtalk.blogspot.com/2014/03/graduate-school-per-field.html,Graduate School per field,0
1,"Tuesday, March 25, 2014",eva lantsoght,http://phdtalk.blogspot.com/2014/03/silver-linings-hydrate-yourself.html,Silver Linings: Hydrate yourself!,0
1,"Sunday, March 23, 2014",eva lantsoght,http://phdtalk.blogspot.com/2014/03/the-best-way-to-successful-phd.html,The Best Way to a Successful PhD,0
1,"Thursday, March 20, 2014",eva lantsoght,http://phdtalk.blogspot.com/2014/03/phd-talk-for-academictransfer-academic.html,PhD Talk for AcademicTransfer: Academic Culture and the PhD Experience,0
1,"Tuesday, March 18, 2014",eva lantsoght,http://phdtalk.blogspot.com/2014/03/writers-lab-how-writing-assignment.html,Writers' Lab: How the writing assignment contributes greater knowledge to PhD students,10
1,"Sunday, March 16, 2014",eva lantsoght,http://phdtalk.blogspot.com/2014/03/top-3-tips-for-literature-review-success.html,Top 3 tips for literature review success,6
1,"Thursday, March 13, 2014",eva lantsoght,http://phdtalk.blogspot.com/2014/03/my-phd-schedule.html,My PhD schedule,7
1,"Tuesday, March 11, 2014",eva lantsoght,http://phdtalk.blogspot.com/2014/03/adjunct-positions-in-academia.html,Adjunct positions in academia,2
1,"Sunday, March 9, 2014",eva lantsoght,http://phdtalk.blogspot.com/2014/03/workloads-in-academia.html,Workloads in academia,0
1,"Thursday, March 6, 2014",eva lantsoght,http://phdtalk.blogspot.com/2014/03/phd-talk-for-academictransfer-how-to.html,PhD Talk for AcademicTransfer: How to manage a research project,2
1,"Tuesday, March 4, 2014",eva lantsoght,http://phdtalk.blogspot.com/2014/03/inbox-zero-getting-your-mailbox-under.html,Inbox Zero: Getting your mailbox under control,2
1,"Sunday, March 2, 2014",eva lantsoght,http://phdtalk.blogspot.com/2014/03/why-are-there-so-few-women-tenured.html,Why are there so few women tenured professors?,2
1,"Thursday, February 27, 2014",eva lantsoght,http://phdtalk.blogspot.com/2014/02/juggling-tasks-as-young-faculty-member.html,Juggling tasks as a young faculty member,0
1,"Tuesday, February 25, 2014",eva lantsoght,http://phdtalk.blogspot.com/2014/02/the-first-semester-of-teaching-and-my.html,"The first semester of teaching, and my current struggles",3
1,"Sunday, February 23, 2014",eva lantsoght,http://phdtalk.blogspot.com/2014/02/stop-breath-and-think-app.html,"Stop, Breathe and Think app",0
1,"Thursday, February 20, 2014",eva lantsoght,http://phdtalk.blogspot.com/2014/02/phd-talk-for-academictransfer.html,PhD Talk for AcademicTransfer: Explaining the Value of your Science to Friends and Family,0
1,"Tuesday, February 18, 2014",eva lantsoght,http://phdtalk.blogspot.com/2014/02/motivation-for-prestigious-academic.html,Motivation for Prestigious Academic Achievement,0
1,"Sunday, February 16, 2014",eva lantsoght,http://phdtalk.blogspot.com/2014/02/discussion-of-shear-in-one-way-slabs.html,Discussion of Shear in One-Way Slabs under Concentrated Load Close to Support,0
1,"Thursday, February 13, 2014",eva lantsoght,http://phdtalk.blogspot.com/2014/02/staying-healthy-in-graduate-school.html,Staying Healthy in Graduate School,0
1,"Tuesday, February 11, 2014",eva lantsoght,http://phdtalk.blogspot.com/2014/02/doctoral-degrees-facts-and-figures.html,Doctoral degrees: facts and figures,3
1,"Sunday, February 9, 2014",eva lantsoght,http://phdtalk.blogspot.com/2014/02/learning-from-my-research-experience.html,Learning from my Research Experience,1
1,"Thursday, February 6, 2014",eva lantsoght,http://phdtalk.blogspot.com/2014/02/phd-talk-for-academictransfer-selecting.html,PhD Talk for AcademicTransfer: Selecting a PhD program and supervisor,0
1,"Tuesday, February 4, 2014",eva lantsoght,http://phdtalk.blogspot.com/2014/02/effective-width-in-shear-of-reinforced.html,Effective Width in Shear of Reinforced Concrete Solid Slab Bridges under Wheel Loads,0
1,"Sunday, February 2, 2014",eva lantsoght,http://phdtalk.blogspot.com/2014/02/life-after-graduate-school-what-happens.html,Life After Graduate School: What happens next?,1
1,"Thursday, January 30, 2014",eva lantsoght,http://phdtalk.blogspot.com/2014/01/happy-phd-thinking-positively-in-ocean.html,Happy PhD: Thinking Positively in an Ocean of Criticism,0
1,"Tuesday, January 28, 2014",eva lantsoght,http://phdtalk.blogspot.com/2014/01/happy-phd-optimizing-your-workday-for.html,Happy PhD: Optimizing your Workday for Writing,4
1,"Sunday, January 26, 2014",eva lantsoght,http://phdtalk.blogspot.com/2014/01/happy-phd-using-your-physiology-to-your.html,Happy PhD: Using your Physiology to your Advantage,3
1,"Thursday, January 23, 2014",eva lantsoght,http://phdtalk.blogspot.com/2014/01/phd-talk-for-academictransfer.html,PhD Talk for AcademicTransfer: Leveraging your Job Seeking Position by Highlighting your Academic Skills,1
1,"Tuesday, January 21, 2014",eva lantsoght,http://phdtalk.blogspot.com/2014/01/time-management-in-academia-balancing.html,Time management in Academia: Balancing teaching and research,6
1,"Sunday, January 19, 2014",eva lantsoght,http://phdtalk.blogspot.com/2014/01/managing-research-process.html,Managing the research process,2
1,"Thursday, January 16, 2014",eva lantsoght,http://phdtalk.blogspot.com/2014/01/eurocode-design-sheets-for-structural.html,Eurocode design sheets for structural engineers,4
1,"Tuesday, January 14, 2014",eva lantsoght,http://phdtalk.blogspot.com/2014/01/an-expat-scholars-view-from-gulf.html,An Expat Scholar&#8217;s View from the Gulf,10
1,"Sunday, January 12, 2014",eva lantsoght,http://phdtalk.blogspot.com/2014/01/silver-linings-binaural-beats-for-study.html,Silver Linings: Binaural Beats for Study and Writing,11
1,"Thursday, January 9, 2014",eva lantsoght,http://phdtalk.blogspot.com/2014/01/phd-talk-for-academictransfer-getting.html,PhD Talk for AcademicTransfer: Getting Started with Working in a Research Lab,2
1,"Tuesday, January 7, 2014",eva lantsoght,http://phdtalk.blogspot.com/2014/01/writers-lab-on-where-phd-research-gets.html,Writers' Lab: On where PhD Research gets published,0
1,"Sunday, January 5, 2014",eva lantsoght,http://phdtalk.blogspot.com/2014/01/setting-goals-for-2014.html,Setting goals for 2014,0
1,"Sunday, December 22, 2013",eva lantsoght,http://phdtalk.blogspot.com/2013/12/holidays-at-phd-talk.html,Holidays at PhD Talk,0
1,"Thursday, December 19, 2013",eva lantsoght,http://phdtalk.blogspot.com/2013/12/phd-talk-for-academictransfer-curious.html,PhD Talk for AcademicTransfer: The Curious Case of the Academic Nomads,0
1,"Tuesday, December 17, 2013",eva lantsoght,http://phdtalk.blogspot.com/2013/12/how-successful-women-balance-work-and.html,How Successful Women Balance Work and Life,5
1,"Sunday, December 15, 2013",eva lantsoght,http://phdtalk.blogspot.com/2013/12/silver-linings-fruits-of-ecuador.html,Silver Linings: the Fruits of Ecuador,0
1,"Thursday, December 12, 2013",eva lantsoght,http://phdtalk.blogspot.com/2013/12/phd-talk-for-academictransfer.html,PhD Talk for AcademicTransfer: Cultivating the Art of Writing,0
1,"Tuesday, December 10, 2013",eva lantsoght,http://phdtalk.blogspot.com/2013/12/paper-in-structural-engineering.html,Paper in Structural Engineering International,1
1,"Sunday, December 8, 2013",eva lantsoght,http://phdtalk.blogspot.com/2013/12/four-tips-that-will-get-you-noticed.html,Four Tips That Will Get You Noticed During a Job Interview,2
1,"Thursday, December 5, 2013",eva lantsoght,http://phdtalk.blogspot.com/2013/12/project-tweetprop-feynman-and.html,Project #tweetprop: Feynman and uncertainty,0
1,"Tuesday, December 3, 2013",eva lantsoght,http://phdtalk.blogspot.com/2013/12/scheduling-class-preparation-time.html,Scheduling class preparation time,1
1,"Sunday, December 1, 2013",eva lantsoght,http://phdtalk.blogspot.com/2013/12/the-future-of-phd-talk.html,The future of PhD Talk,0
1,"Thursday, November 28, 2013",eva lantsoght,http://phdtalk.blogspot.com/2013/11/phd-talk-for-academic-transfer-how-to.html,PhD Talk for AcademicTransfer: How to Plan your Career in Science,0
1,"Tuesday, November 26, 2013",eva lantsoght,http://phdtalk.blogspot.com/2013/11/finding-employment-outside-of-academia.html,Finding employment outside of academia,0
1,"Sunday, November 24, 2013",eva lantsoght,http://phdtalk.blogspot.com/2013/11/preparing-for-life-after-phd-re-train.html,Preparing for life after the PhD: re-train your brain,6
1,"Thursday, November 21, 2013",eva lantsoght,http://phdtalk.blogspot.com/2013/11/writing-abstract-before-finishing.html,Writing an abstract before finishing the research,3
1,"Tuesday, November 19, 2013",eva lantsoght,http://phdtalk.blogspot.com/2013/11/project-tweetprop-shear-capacity-at.html,Project #tweetprop: Shear capacity at the continuous support,0
1,"Sunday, November 17, 2013",eva lantsoght,http://phdtalk.blogspot.com/2013/11/project-tweetprop-there-is-still-life.html,"Project #tweetprop: There is still life in ""dead"" slabs",0
1,"Thursday, November 14, 2013",eva lantsoght,http://phdtalk.blogspot.com/2013/11/phd-talk-for-academictransfer-finding.html,PhD Talk for AcademicTransfer: Finding Housing in the Netherlands when Coming from Abroad,1
1,"Tuesday, November 12, 2013",eva lantsoght,http://phdtalk.blogspot.com/2013/11/introducing-phd-talk-for.html,Introducing PhD Talk for AcademicTransfer,0
1,"Sunday, November 10, 2013",eva lantsoght,http://phdtalk.blogspot.com/2013/11/project-tweetprop-modified-bond-model.html,Project #tweetprop: the Modified Bond Model,0
1,"Thursday, November 7, 2013",eva lantsoght,http://phdtalk.blogspot.com/2013/11/project-tweetprop-on-slabs-versus-beams.html,Project #tweetprop: On Slabs versus Beams,0
1,"Tuesday, November 5, 2013",eva lantsoght,http://phdtalk.blogspot.com/2013/11/writers-lab-introducing-project.html,Writers' Lab: Introducing Project #tweetprop,0
1,"Sunday, November 3, 2013",eva lantsoght,http://phdtalk.blogspot.com/2013/11/the-first-20-hours-how-to-learn-anything.html,The First 20 Hours - How to Learn Anything,1
1,"Thursday, October 31, 2013",eva lantsoght,http://phdtalk.blogspot.com/2013/10/applying-experimental-results-to-shear.html,Applying Experimental Results to the Shear Assessment Method for Solid Slab Bridges,0
1,"Tuesday, October 29, 2013",eva lantsoght,http://phdtalk.blogspot.com/2013/10/writers-lab-7-most-common-resume.html,Writers' Lab: 7 Most Common Resume Writing Mistakes to Avoid,2
1,"Sunday, October 27, 2013",eva lantsoght,http://phdtalk.blogspot.com/2013/10/silver-linings-little-book-of.html,Silver Linings: Little Book of Contentment,3
1,"Thursday, October 24, 2013",eva lantsoght,http://phdtalk.blogspot.com/2013/10/what-to-do-when-your-planning-fails.html,What to do when your planning fails,0
1,"Tuesday, October 22, 2013",eva lantsoght,http://phdtalk.blogspot.com/2013/10/writers-lab-why-writing-is-not-like.html,Writer's Lab: Why writing is (not) like sculpting,0
1,"Sunday, October 20, 2013",eva lantsoght,http://phdtalk.blogspot.com/2013/10/what-can-success-of-malcolm-gladwell.html,What can the success of Malcolm Gladwell teach us about gaps in science outreach and communication?,0
1,"Thursday, October 17, 2013",eva lantsoght,http://phdtalk.blogspot.com/2013/10/lecture-at-vrije-universiteit-brussel.html,Lecture at Vrije Universiteit Brussel,0
1,"Tuesday, October 15, 2013",eva lantsoght,http://phdtalk.blogspot.com/2013/10/introducing-universidad-san-francisco.html,Introducing Universidad San Francisco de Quito,4
1,"Sunday, October 13, 2013",eva lantsoght,http://phdtalk.blogspot.com/2013/10/comparing-traveling-by-public-transport.html,Comparing traveling by public transport to traveling by car from Belgium to the Netherlands,1
1,"Thursday, October 10, 2013",eva lantsoght,http://phdtalk.blogspot.com/2013/10/keeping-your-spreadsheets-under-control.html,Keeping your Spreadsheets under Control,0
1,"Tuesday, October 8, 2013",eva lantsoght,http://phdtalk.blogspot.com/2013/10/writers-lab-5-lessons-from-3-years-of.html,Writers' Lab: 5 Lessons from 3 years of blogging,2
1,"Sunday, October 6, 2013",eva lantsoght,http://phdtalk.blogspot.com/2013/10/literature-review-bootcamp-course.html,Literature Review Bootcamp Course,10
1,"Thursday, October 3, 2013",eva lantsoght,http://phdtalk.blogspot.com/2013/10/planning-for-success-update-on-my-time.html,Planning for Success - an update on my time management system,5
1,"Tuesday, October 1, 2013",eva lantsoght,http://phdtalk.blogspot.com/2013/10/writers-lab-turning-your-dissertation.html,Writers' Lab: Turning your dissertation into journal papers,8
1,"Sunday, September 29, 2013",eva lantsoght,http://phdtalk.blogspot.com/2013/09/silver-linings-creating-nurturing.html,Silver Linings: Creating Nurturing Morning Routines,8
1,"Thursday, September 26, 2013",eva lantsoght,http://phdtalk.blogspot.com/2013/09/the-essential-conference-clothes.html,The Essential Conference Clothes,7
1,"Tuesday, September 24, 2013",eva lantsoght,http://phdtalk.blogspot.com/2013/09/writers-lab-goscholargo.html,Writer's Lab: #GoScholarGo,0
1,"Sunday, September 22, 2013",eva lantsoght,http://phdtalk.blogspot.com/2013/09/silver-linings-bikram-yoga.html,Silver Linings: Bikram Yoga,0
1,"Thursday, September 19, 2013",eva lantsoght,http://phdtalk.blogspot.com/2013/09/20-tips-for-surviving-your-phd.html,20 Tips for Surviving your PhD,22
1,"Tuesday, September 17, 2013",eva lantsoght,http://phdtalk.blogspot.com/2013/09/writers-lab-improving-narrative-in.html,Writers' Lab: Improving narrative in multidisciplinary projects through blogging,0
1,"Sunday, September 15, 2013",eva lantsoght,http://phdtalk.blogspot.com/2013/09/silver-linings-ecuador-adventure.html,Silver Linings: the Ecuador adventure,4
1,"Thursday, September 12, 2013",eva lantsoght,http://phdtalk.blogspot.com/2013/09/peak-shear-stress-distribution-in.html,Peak shear stress distribution in finite element models of concrete slabs,0
1,"Tuesday, September 10, 2013",eva lantsoght,http://phdtalk.blogspot.com/2013/09/writers-lab-healing-through-writing.html,Writers' Lab: Healing through writing,1
1,"Sunday, September 8, 2013",eva lantsoght,http://phdtalk.blogspot.com/2013/09/silver-linings-resources-for-yoga-on-go.html,Silver Linings: Resources for yoga on the go,0
1,"Thursday, September 5, 2013",eva lantsoght,http://phdtalk.blogspot.com/2013/09/five-platforms-to-increase-visibility.html,Five platforms to increase the visibility of your research,0
1,"Tuesday, September 3, 2013",eva lantsoght,http://phdtalk.blogspot.com/2013/09/writers-lab-six-lessons-we-can-learn.html,Writer's Lab: Six lessons we can learn from a family of writers,0
1,"Sunday, September 1, 2013",eva lantsoght,http://phdtalk.blogspot.com/2013/09/silver-linings-on-becoming-totally.html,Silver Linings: On becoming totally unmoved by stressful situations,2
1,"Thursday, August 29, 2013",eva lantsoght,http://phdtalk.blogspot.com/2013/08/post-defense-reality-check-what-should.html,Post-defense reality check: What should you do after defending your PhD,5
1,"Tuesday, August 27, 2013",eva lantsoght,http://phdtalk.blogspot.com/2013/08/writers-lab-experimenting-with-expertise.html,Writers' Lab: Experimenting with Expertise,1
1,"Sunday, August 25, 2013",eva lantsoght,http://phdtalk.blogspot.com/2013/08/silver-linings-for-love-of-reading-and.html,"Silver Linings: For the love of reading, and my Kindle",6
1,"Thursday, August 22, 2013",eva lantsoght,http://phdtalk.blogspot.com/2013/08/getting-job-after-phd.html,"Getting a job, after the PhD",11
1,"Tuesday, August 20, 2013",eva lantsoght,http://phdtalk.blogspot.com/2013/08/writers-lab-setting-up-and-maintaining.html,Writers' Lab: Setting Up and Maintaining your Google Scholar Profile,5
1,"Sunday, August 18, 2013",eva lantsoght,http://phdtalk.blogspot.com/2013/08/phd-opportunities-in-structural.html,PhD Opportunities in Structural Mechanics: University of Cape Town,0
1,"Thursday, August 15, 2013",eva lantsoght,http://phdtalk.blogspot.com/2013/08/how-to-prepare-for-phd-defense.html,How to Prepare for the PhD Defense,0
1,"Tuesday, August 13, 2013",eva lantsoght,http://phdtalk.blogspot.com/2013/08/writers-lab-editing-your-writing.html,"Writer's Lab: Editing your writing, paperless-style",6
1,"Sunday, August 11, 2013",eva lantsoght,http://phdtalk.blogspot.com/2013/08/silver-linings-conferences-and-flying.html,"Silver Linings: Conferences, and Flying around the world",2
1,"Thursday, August 8, 2013",eva lantsoght,http://phdtalk.blogspot.com/2013/08/the-defense-my-experience.html,The Defense - my experience,0
1,"Tuesday, August 6, 2013",eva lantsoght,http://phdtalk.blogspot.com/2013/08/writers-lab-how-to-write-your.html,"Writers' Lab: How to write your Conclusions, Part II: Doctoral Dissertation",5
1,"Sunday, August 4, 2013",eva lantsoght,http://phdtalk.blogspot.com/2013/08/silver-linings-discover-your-major.html,Silver Linings: Discover your Major Strengths,0
1,"Thursday, August 1, 2013",eva lantsoght,http://phdtalk.blogspot.com/2013/08/phd-talk-post-phd.html,"PhD Talk, post PhD",3
1,"Tuesday, July 30, 2013",eva lantsoght,http://phdtalk.blogspot.com/2013/07/writers-lab-how-to-write-your.html,"Writers' Lab: How to write your Conclusions, Part I: Journal or Conference Paper",0
1,"Sunday, July 28, 2013",eva lantsoght,http://phdtalk.blogspot.com/2013/07/silver-linings-hormones-and-your-health.html,Silver Linings: Hormones and your health,0
1,"Thursday, July 25, 2013",eva lantsoght,http://phdtalk.blogspot.com/2013/07/on-road-to-defense-part-ii.html,"On the road to the defense, part II",4
1,"Tuesday, July 23, 2013",eva lantsoght,http://phdtalk.blogspot.com/2013/07/writers-lab-drastic-revision-strategy.html,Writers' Lab: A drastic revision strategy for improving your paper's story and organization,1
1,"Sunday, July 21, 2013",eva lantsoght,http://phdtalk.blogspot.com/2013/07/presentation-of-my-phd-defense.html,"Presentation of my PhD Defense, ""Lekenpraatje""",0
1,"Thursday, July 18, 2013",eva lantsoght,http://phdtalk.blogspot.com/2013/07/quick-scan-method-presentation-at.html,Quick Scan Method - Presentation at the International Bridge Conference,0
1,"Tuesday, July 16, 2013",eva lantsoght,http://phdtalk.blogspot.com/2013/07/writers-lab-constructing-effective.html,Writer's Lab: Constructing effective outlines using assertive language,6
1,"Sunday, July 14, 2013",eva lantsoght,http://phdtalk.blogspot.com/2013/07/prolonging-service-life-of-existing.html,Prolonging the service life of existing reinforced concrete slab bridges,0
1,"Thursday, July 11, 2013",eva lantsoght,http://phdtalk.blogspot.com/2013/07/celebrate-milestones-in-graduate-school.html,Celebrate Milestones in Graduate School,0
1,"Tuesday, July 9, 2013",eva lantsoght,http://phdtalk.blogspot.com/2013/07/writers-lab-quick-tip-for-proofreading.html,Writers' Lab: A Quick Tip for Proofreading,6
1,"Sunday, July 7, 2013",eva lantsoght,http://phdtalk.blogspot.com/2013/07/silver-linings-creativity-and-meditation.html,Silver Linings: Creativity and Meditation,0
1,"Thursday, July 4, 2013",eva lantsoght,http://phdtalk.blogspot.com/2013/07/presentation-from-aci-fall-convention.html,Presentation from ACI Fall Convention 2011,0
1,"Tuesday, July 2, 2013",eva lantsoght,http://phdtalk.blogspot.com/2013/07/writers-lab-final-months-of-dissertation.html,Writers' Lab: The final months of the dissertation,0
1,"Sunday, June 30, 2013",eva lantsoght,http://phdtalk.blogspot.com/2013/06/iabse-presentation-on-slabs-subjected.html,IABSE presentation on slabs subjected to a combination of loads,0
1,"Thursday, June 27, 2013",eva lantsoght,http://phdtalk.blogspot.com/2013/06/presentation-on-shear-assessment-of.html,Presentation on Shear Assessment of Solid Slab Bridges,0
1,"Tuesday, June 25, 2013",eva lantsoght,http://phdtalk.blogspot.com/2013/06/writers-lab-how-much-time-does-it-take.html,Writers' Lab: How much time does it take to write a dissertation?,6
1,"Sunday, June 23, 2013",eva lantsoght,http://phdtalk.blogspot.com/2013/06/silver-linings-study-yum.html,Silver Linings: Study Yum,0
1,"Thursday, June 20, 2013",eva lantsoght,http://phdtalk.blogspot.com/2013/06/presentation-at-fib-symposium-2013.html,Presentation at fib Symposium 2013,0
1,"Tuesday, June 18, 2013",eva lantsoght,http://phdtalk.blogspot.com/2013/06/writers-lab-turning-passive-sentences.html,Writers' Lab: Turning passive sentences into the active voice,0
1,"Sunday, June 16, 2013",eva lantsoght,http://phdtalk.blogspot.com/2013/06/silver-linings-flowing-through.html,Silver Linings: Flowing through Conference Travel,3
1,"Thursday, June 13, 2013",eva lantsoght,http://phdtalk.blogspot.com/2013/06/defending-tomorrow.html,Defending tomorrow!,6
1,"Tuesday, June 11, 2013",eva lantsoght,http://phdtalk.blogspot.com/2013/06/writers-lab-writing-your.html,Writers' Lab: Writing your acknowledgements,0
1,"Sunday, June 9, 2013",eva lantsoght,http://phdtalk.blogspot.com/2013/06/silver-linings-listening-to-your-inner.html,Silver Linings: Listening to your inner circadian rhythm,0
1,"Thursday, June 6, 2013",eva lantsoght,http://phdtalk.blogspot.com/2013/06/five-key-elements-to-consider-when.html,Five Key Elements to Consider when Applying for a PhD,2
1,"Tuesday, June 4, 2013",eva lantsoght,http://phdtalk.blogspot.com/2013/06/writers-lab-how-to-stay-motivated-when.html,Writer's Lab: How to stay motivated when writing an entire dissertation,1
1,"Sunday, June 2, 2013",eva lantsoght,http://phdtalk.blogspot.com/2013/06/silver-linings-getting-started-with.html,Silver Linings: Getting started with meditation,4
1,"Thursday, May 30, 2013",eva lantsoght,http://phdtalk.blogspot.com/2013/05/consider-internet-as-tool-not-time-suck.html,"Consider the Internet as a Tool, not a Time-suck",0
1,"Tuesday, May 28, 2013",eva lantsoght,http://phdtalk.blogspot.com/2013/05/writers-lab-seven-short-research-ideas.html,Writers' Lab: Seven Short Research Ideas to Discuss in a Conference Paper,6
1,"Sunday, May 26, 2013",eva lantsoght,http://phdtalk.blogspot.com/2013/05/silver-linings-what-i-learned-from.html,"Silver Linings: What I learned from ""Stoppen met Shoppen""",1
1,"Thursday, May 23, 2013",eva lantsoght,http://phdtalk.blogspot.com/2013/05/teach-yourself-speed-reading.html,Teach yourself Speed reading,2
1,"Tuesday, May 21, 2013",eva lantsoght,http://phdtalk.blogspot.com/2013/05/writers-lab-how-to-put-landscape-table.html,Writers' Lab: How to put a landscape table on a portrait page,4
1,"Sunday, May 19, 2013",eva lantsoght,http://phdtalk.blogspot.com/2013/05/silver-linings-favorite-flashmob.html,Silver Linings: Favorite Flashmob,0
1,"Thursday, May 16, 2013",eva lantsoght,http://phdtalk.blogspot.com/2013/05/phd-talk-among-top-100-thesis-and.html,PhD Talk among Top 100 Thesis and Dissertation references on the web,0
1,"Tuesday, May 14, 2013",eva lantsoght,http://phdtalk.blogspot.com/2013/05/breaking-news-dissertation.html,Breaking News: The Dissertation,6
1,"Sunday, May 12, 2013",eva lantsoght,http://phdtalk.blogspot.com/2013/05/silver-linings-podcasts-and-love-of.html,Silver Linings: Podcasts and the Love of Learning,2
1,"Thursday, May 9, 2013",eva lantsoght,http://phdtalk.blogspot.com/2013/05/five-best-practices-for-getting-started.html,Five Best Practices for Getting Started with Research,8
1,"Tuesday, May 7, 2013",eva lantsoght,http://phdtalk.blogspot.com/2013/05/writers-lab-quick-hack-to-writing-with.html,Writers' Lab: A Quick Hack to Writing with Less Disturbances,1
1,"Sunday, May 5, 2013",eva lantsoght,http://phdtalk.blogspot.com/2013/05/silver-linings-phdcats.html,Silver Linings: The PhDcat(s),2
1,"Thursday, May 2, 2013",eva lantsoght,http://phdtalk.blogspot.com/2013/05/thinking-about-stem.html,Thinking about STEM,0
1,"Tuesday, April 30, 2013",eva lantsoght,http://phdtalk.blogspot.com/2013/04/writers-lab-five-ways-of-getting-in-zone.html,Writers' Lab: Five Ways of Getting in the Zone,0
1,"Sunday, April 28, 2013",eva lantsoght,http://phdtalk.blogspot.com/2013/04/silver-linings-stay-hungry-stay-foolish.html,"Silver Linings: Stay hungry, Stay foolish",2
1,"Thursday, April 25, 2013",eva lantsoght,http://phdtalk.blogspot.com/2013/04/writing-and-cravings.html,Writing and Cravings,0
1,"Tuesday, April 23, 2013",eva lantsoght,http://phdtalk.blogspot.com/2013/04/writers-lab-how-you-should-start.html,Writers' Lab: How you should start writing from Day 1,1
1,"Sunday, April 21, 2013",eva lantsoght,http://phdtalk.blogspot.com/2013/04/silver-linings-loving-kindness.html,Silver Linings: Loving Kindness,0
1,"Thursday, April 18, 2013",eva lantsoght,http://phdtalk.blogspot.com/2013/04/6-essential-elements-in-writing-to-dos.html,6 Essential Elements in Writing To Dos,0
1,"Tuesday, April 16, 2013",eva lantsoght,http://phdtalk.blogspot.com/2013/04/writers-lab-list-of-common-mistakes.html,Writers' Lab: List of Common Mistakes,6
1,"Sunday, April 14, 2013",eva lantsoght,http://phdtalk.blogspot.com/2013/04/silver-linings-kickstart-your-change.html,Silver Linings: Kickstart Your Change,0
1,"Thursday, April 11, 2013",eva lantsoght,http://phdtalk.blogspot.com/2013/04/discomfort-friction-and-creative-blocks.html,"Discomfort, Friction and Creative Blocks",5
1,"Tuesday, April 9, 2013",eva lantsoght,http://phdtalk.blogspot.com/2013/04/writers-lab-why-writing-is-your-single.html,Writers' Lab: Why Writing is your Single Most Important Skill,4
1,"Sunday, April 7, 2013",eva lantsoght,http://phdtalk.blogspot.com/2013/04/silver-linings-meditation-your-brain.html,"Silver Linings: Meditation, your Brain and your Heart",0
1,"Thursday, April 4, 2013",eva lantsoght,http://phdtalk.blogspot.com/2013/04/why-do-we-procrastinate.html,Why do we procrastinate?,2
1,"Tuesday, April 2, 2013",eva lantsoght,http://phdtalk.blogspot.com/2013/04/writers-lab-writing-more-compelling.html,Writers' Lab: Writing More Compelling Articles and Blog Posts,1
1,"Sunday, March 31, 2013",eva lantsoght,http://phdtalk.blogspot.com/2013/03/silver-linings-to-ask-or-not-to-ask.html,Silver Linings: To Ask or Not To Ask,2
1,"Thursday, March 28, 2013",eva lantsoght,http://phdtalk.blogspot.com/2013/03/the-creative-process-essential.html,The Creative Process: Essential Components of Creative Acts,0
1,"Tuesday, March 26, 2013",eva lantsoght,http://phdtalk.blogspot.com/2013/03/writers-lab-art-of-writing-compelling.html,Writers' Lab: The Art of Writing Compelling Figure Captions,0
1,"Sunday, March 24, 2013",eva lantsoght,http://phdtalk.blogspot.com/2013/03/silver-linings-joi-ito-on-learning.html,"Silver Linings: Joi Ito on Learning, Authority and Kickstarter",0
1,"Thursday, March 21, 2013",eva lantsoght,http://phdtalk.blogspot.com/2013/03/the-surprising-truth-about-what.html,The Surprising Truth About What Motivates Us,1
1,"Tuesday, March 19, 2013",eva lantsoght,http://phdtalk.blogspot.com/2013/03/writers-lab-writing-diet.html,Writers' Lab: A Writing Diet,1
1,"Sunday, March 17, 2013",eva lantsoght,http://phdtalk.blogspot.com/2013/03/silver-linings-your-daily-checklist.html,Silver Linings: Your Daily Checklist,1
1,"Thursday, March 14, 2013",eva lantsoght,http://phdtalk.blogspot.com/2013/03/one-powerful-trick-to-boost-your.html,One powerful trick to boost your productivity,2
1,"Tuesday, March 12, 2013",eva lantsoght,http://phdtalk.blogspot.com/2013/03/writers-lab-overview-of-journals-on.html,Writers' Lab: Overview of Journals on Structural Concrete and Bridge Engineering,0
1,"Sunday, March 10, 2013",eva lantsoght,http://phdtalk.blogspot.com/2013/03/phd-life-at-tu-delft.html,PhD Life at TU Delft,0
1,"Thursday, March 7, 2013",eva lantsoght,http://phdtalk.blogspot.com/2013/03/five-lessons-for-science-teachers.html,Five Lessons for Science Teachers,0
1,"Tuesday, March 5, 2013",eva lantsoght,http://phdtalk.blogspot.com/2013/03/first-time-at-trb-annual-meeting.html,First Time at the TRB Annual Meeting,0
1,"Sunday, March 3, 2013",eva lantsoght,http://phdtalk.blogspot.com/2013/03/25-quick-and-easy-ways-to-save-money-in.html,25 Quick and Easy Ways to Save Money in Graduate School,3
1,"Thursday, February 28, 2013",eva lantsoght,http://phdtalk.blogspot.com/2013/02/trb-annual-meeting-social-media-and-app.html,"TRB Annual Meeting - Social Media and an App, done Right",0
1,"Tuesday, February 26, 2013",eva lantsoght,http://phdtalk.blogspot.com/2013/02/five-ways-to-control-your-budget-in.html,Five Ways to Control your Budget in Graduate School,1
1,"Sunday, February 24, 2013",eva lantsoght,http://phdtalk.blogspot.com/2013/02/silver-linings-kickstart-your-health.html,Silver Linings: Kickstart your health,0
1,"Thursday, February 21, 2013",eva lantsoght,http://phdtalk.blogspot.com/2013/02/paper-published-in-aci-structural.html,Paper published in the ACI Structural Journal,7
1,"Tuesday, February 19, 2013",eva lantsoght,http://phdtalk.blogspot.com/2013/02/writers-lab-seven-lessons-from-academic.html,Writer's Lab: Seven Lessons from Academic Writing,0
1,"Sunday, February 17, 2013",eva lantsoght,http://phdtalk.blogspot.com/2013/02/transportation-research-board-trb.html,Transportation Research Board (TRB) Annual Meeting: Presentation and Paper,0
1,"Thursday, February 14, 2013",eva lantsoght,http://phdtalk.blogspot.com/2013/02/on-road-to-defense-part-i.html,"On the road to the defense, part I",0
1,"Tuesday, February 12, 2013",eva lantsoght,http://phdtalk.blogspot.com/2013/02/writers-lab-writing-academic-english.html,Writers' Lab: Writing Academic English for Non-Native Speakers,2
1,"Sunday, February 10, 2013",eva lantsoght,http://phdtalk.blogspot.com/2013/02/silver-linings-10-minutes-of-standing.html,Silver Linings: 10 minutes of Standing Yoga,0
1,"Thursday, February 7, 2013",eva lantsoght,http://phdtalk.blogspot.com/2013/02/paper-nominated-for-paper-of-year.html,Paper nominated for paper of the year!,2
1,"Tuesday, February 5, 2013",eva lantsoght,http://phdtalk.blogspot.com/2013/02/writers-lab-make-your-first-draft-fun.html,Writers' Lab: Make Your First Draft Fun,5
1,"Sunday, February 3, 2013",eva lantsoght,http://phdtalk.blogspot.com/2013/02/silver-linings-meditation-and-your-brain.html,Silver Linings: Meditation and Your Brain,0
1,"Thursday, January 31, 2013",eva lantsoght,http://phdtalk.blogspot.com/2013/01/improve-your-public-speaking-skills.html,Improve Your Public Speaking Skills,3
1,"Tuesday, January 29, 2013",eva lantsoght,http://phdtalk.blogspot.com/2013/01/writers-lab-750-words-versus-longhand.html,Writers' Lab: 750 words versus longhand journaling,2
1,"Sunday, January 27, 2013",eva lantsoght,http://phdtalk.blogspot.com/2013/01/silver-linings-gratitude-in-shower.html,Silver Linings: Gratitude in the shower,0
1,"Thursday, January 24, 2013",eva lantsoght,http://phdtalk.blogspot.com/2013/01/introducing-silver-linings.html,Introducing: Silver Linings,2
1,"Tuesday, January 22, 2013",eva lantsoght,http://phdtalk.blogspot.com/2013/01/writers-lab-personal-narrative-on.html,Writers' Lab: A personal Narrative on Writing,0
1,"Sunday, January 20, 2013",eva lantsoght,http://phdtalk.blogspot.com/2013/01/beat-stress-by-breathing-with-your.html,Beat stress by breathing with your diaphragm,0
1,"Thursday, January 17, 2013",eva lantsoght,http://phdtalk.blogspot.com/2013/01/the-archetypes-of-phd-students-which.html,The Archetypes of PhD Students - Which One Are You?,7
1,"Tuesday, January 15, 2013",eva lantsoght,http://phdtalk.blogspot.com/2013/01/writers-lab-writing-for-non-native.html,Writers' Lab: Writing for non-native speakers,0
1,"Sunday, January 13, 2013",eva lantsoght,http://phdtalk.blogspot.com/2013/01/treat-yourself-to-relaxation-silva.html,Treat Yourself to Relaxation: Silva Relaxation App,2
1,"Thursday, January 10, 2013",eva lantsoght,http://phdtalk.blogspot.com/2013/01/introducing-writers-lab.html,Introducing: Writers' Lab,0
1,"Tuesday, January 8, 2013",eva lantsoght,http://phdtalk.blogspot.com/2013/01/sulfur-concrete-in-plain-english.html,Sulfur Concrete in Plain English,4
1,"Monday, January 7, 2013",eva lantsoght,http://phdtalk.blogspot.com/2013/01/phd-talk-on-brazen-careerist.html,PhD Talk on Brazen Careerist,0
1,"Sunday, January 6, 2013",eva lantsoght,http://phdtalk.blogspot.com/2013/01/in-her-language.html,In Her Language,2
1,"Thursday, January 3, 2013",eva lantsoght,http://phdtalk.blogspot.com/2013/01/calling-for-contributions.html,Calling for Contributions,0
1,"Sunday, December 23, 2012",eva lantsoght,http://phdtalk.blogspot.com/2012/12/happy-holidays.html,Happy Holidays!,0
1,"Thursday, December 20, 2012",eva lantsoght,http://phdtalk.blogspot.com/2012/12/the-shires-and-thoroughbreds-of-academia.html,The Shires and the Thoroughbreds of Academia,2
1,"Tuesday, December 18, 2012",eva lantsoght,http://phdtalk.blogspot.com/2012/12/smart-materials-made-in-delft.html,"Smart Materials, Made in Delft",0
1,"Sunday, December 16, 2012",eva lantsoght,http://phdtalk.blogspot.com/2012/12/affiliate-links-and-sponsorship.html,Affiliate Links and Sponsorship Opportunities,0
1,"Thursday, December 13, 2012",eva lantsoght,http://phdtalk.blogspot.com/2012/12/academic-lessons-from-story-of-success.html,Academic Lessons from The Story of Success,0
1,"Tuesday, December 11, 2012",eva lantsoght,http://phdtalk.blogspot.com/2012/12/the-creative-process-creativity-without.html,The Creative Process: Creativity Without Borders,0
1,"Sunday, December 9, 2012",eva lantsoght,http://phdtalk.blogspot.com/2012/12/can-blogging-add-additional-dimension.html,Can Blogging add an Additional Dimension to Academic Publishing?,8
1,"Thursday, December 6, 2012",eva lantsoght,http://phdtalk.blogspot.com/2012/12/why-blogging-is-for-every-single.html,Why Blogging is for Every Single Academic,4
1,"Tuesday, December 4, 2012",eva lantsoght,http://phdtalk.blogspot.com/2012/12/a-wonderful-world-of-sensations.html,A Wonderful World of Sensations,0
1,"Sunday, December 2, 2012",eva lantsoght,http://phdtalk.blogspot.com/2012/12/thesis-distance-inner-resistance.html,Thesis Distance: Inner resistance,0
1,"Thursday, November 29, 2012",eva lantsoght,http://phdtalk.blogspot.com/2012/11/letting-go.html,Letting Go,0
1,"Tuesday, November 27, 2012",eva lantsoght,http://phdtalk.blogspot.com/2012/11/taking-lab-to-stage.html,Taking the Lab to the Stage,0
1,"Sunday, November 25, 2012",eva lantsoght,http://phdtalk.blogspot.com/2012/11/manons-tales-from-road.html,Manon's Tales from the Road,0
1,"Thursday, November 22, 2012",eva lantsoght,http://phdtalk.blogspot.com/2012/11/why-blend-in-if-you-can-stand-out.html,Why Blend In if you can Stand Out?,0
1,"Tuesday, November 20, 2012",eva lantsoght,http://phdtalk.blogspot.com/2012/11/the-creative-process-importance-of.html,The Creative Process: The Importance of Questions,2
1,"Sunday, November 18, 2012",eva lantsoght,http://phdtalk.blogspot.com/2012/11/the-creative-process-reading-sparks.html,The Creative Process: Reading Sparks Creativity,2
1,"Thursday, November 15, 2012",eva lantsoght,http://phdtalk.blogspot.com/2012/11/never-grow-up-today-but-also-tomorrow.html,"Never Grow Up: Today, but also Tomorrow",0
1,"Tuesday, November 13, 2012",eva lantsoght,http://phdtalk.blogspot.com/2012/11/shear-and-punching-101-distance-in-codes.html,Shear and Punching 101: Distance in the codes,2
1,"Sunday, November 11, 2012",eva lantsoght,http://phdtalk.blogspot.com/2012/11/lest-we-forget.html,Lest we forget,0
1,"Thursday, November 8, 2012",eva lantsoght,http://phdtalk.blogspot.com/2012/11/the-creative-process-creative-habit.html,The Creative Process: The Creative Habit,0
1,"Tuesday, November 6, 2012",eva lantsoght,http://phdtalk.blogspot.com/2012/11/pranayama-iphone-app.html,Pranayama iPhone app,3
1,"Sunday, November 4, 2012",eva lantsoght,http://phdtalk.blogspot.com/2012/11/authenticity-in-20.html,Authenticity in 2.0?,2
1,"Thursday, November 1, 2012",eva lantsoght,http://phdtalk.blogspot.com/2012/11/the-creative-process-conditions.html,The Creative Process: Conditions,2
1,"Tuesday, October 30, 2012",eva lantsoght,http://phdtalk.blogspot.com/2012/10/thesis-update.html,Thesis Update,2
1,"Sunday, October 28, 2012",eva lantsoght,http://phdtalk.blogspot.com/2012/10/vrouwennetwerk-20.html,Vrouwennetwerk 2.0,0
1,"Thursday, October 25, 2012",eva lantsoght,http://phdtalk.blogspot.com/2012/10/towards-better-concentration-in-five.html,Towards better concentration in five steps,0
1,"Tuesday, October 23, 2012",eva lantsoght,http://phdtalk.blogspot.com/2012/10/fifty-shades-of-concrete.html,Fifty Shades of Concrete,2
1,"Tuesday, October 23, 2012",eva lantsoght,http://phdtalk.blogspot.com/2012/10/the-active-bird-catches-worm.html,The active bird catches the worm,2
1,"Sunday, October 21, 2012",eva lantsoght,http://phdtalk.blogspot.com/2012/10/science-is-fun-science-is-play.html,"Science is Fun, Science is Play",0
1,"Friday, October 19, 2012",eva lantsoght,http://phdtalk.blogspot.com/2012/10/performing-for-tedx-delft-salon.html,Performing for TEDx Delft Salon,1
1,"Wednesday, October 17, 2012",eva lantsoght,http://phdtalk.blogspot.com/2012/10/powerposing-to-boost-your-conference.html,Powerposing to boost your conference presence,0
1,"Monday, October 15, 2012",eva lantsoght,http://phdtalk.blogspot.com/2012/10/power-of-we.html,Power of We,0
1,"Saturday, October 13, 2012",eva lantsoght,http://phdtalk.blogspot.com/2012/10/what-i-learned-from-liveblogging.html,What I learned from liveblogging,0
1,"Thursday, October 11, 2012",eva lantsoght,http://phdtalk.blogspot.com/2012/10/kick-off-3tubouw.html,Kick-off 3TU.Bouw,2
1,"Tuesday, October 9, 2012",eva lantsoght,http://phdtalk.blogspot.com/2012/10/reading-loads-archiving-after-reading.html,Reading loads: Archiving after reading,0
1,"Monday, October 8, 2012",eva lantsoght,http://phdtalk.blogspot.com/2012/10/storify-of-3tubouw-kickoff.html,Storify of 3TU.Bouw kickoff,0
1,"Sunday, October 7, 2012",eva lantsoght,http://phdtalk.blogspot.com/2012/10/tedxdelft-livebloggers.html,TEDxDelft LiveBloggers,0
1,"Saturday, October 6, 2012",eva lantsoght,http://phdtalk.blogspot.com/2012/10/storify-on-tedxdelft.html,Storify on TEDxDelft,0
1,"Friday, October 5, 2012",eva lantsoght,http://phdtalk.blogspot.com/2012/10/tedxdelft-recap.html,TEDxDelft: a recap,2
1,"Thursday, October 4, 2012",eva lantsoght,http://phdtalk.blogspot.com/2012/10/liveblogging-at-tedxdelft.html,Liveblogging at TEDxDelft,0
1,"Wednesday, October 3, 2012",eva lantsoght,http://phdtalk.blogspot.com/2012/10/tedxdelft-salon-announcement.html,TEDxDelft Salon Announcement,0
1,"Tuesday, October 2, 2012",eva lantsoght,http://phdtalk.blogspot.com/2012/10/blogging-as-means-to-tackle-publication.html,Blogging as a means to tackle publication bias?,1
1,"Saturday, September 29, 2012",eva lantsoght,http://phdtalk.blogspot.com/2012/09/therion-les-fleurs-du-mal-review.html,Therion: Les Fleurs du Mal - Review,18
1,"Thursday, September 27, 2012",eva lantsoght,http://phdtalk.blogspot.com/2012/09/reading-loads-keeping-up-with-output.html,Reading loads: Keeping up with the output,0
1,"Tuesday, September 25, 2012",eva lantsoght,http://phdtalk.blogspot.com/2012/09/reading-loads-understanding-different.html,Reading loads: understanding different levels of reading,0
1,"Sunday, September 23, 2012",eva lantsoght,http://phdtalk.blogspot.com/2012/09/tedxdelft-never-grow-up-october-5th.html,TEDxDelft: Never grow up - October 5th,0
1,"Wednesday, September 19, 2012",eva lantsoght,http://phdtalk.blogspot.com/2012/09/on-morning-routines_19.html,On morning routines,6
1,"Tuesday, July 31, 2012",eva lantsoght,http://phdtalk.blogspot.com/2012/07/9th-fib-phd-symposium-in-civil.html,9th fib PhD Symposium in Civil Engineering,4
1,"Thursday, July 19, 2012",eva lantsoght,http://phdtalk.blogspot.com/2012/07/iabmas-2012.html,IABMAS 2012,2
1,"Friday, July 6, 2012",eva lantsoght,http://phdtalk.blogspot.com/2012/07/how-to-stop-making-excuses.html,How to stop making excuses,0
1,"Wednesday, July 4, 2012",eva lantsoght,http://phdtalk.blogspot.com/2012/07/spreiding-puntlasten-plaatviaducten.html,Spreiding puntlasten plaatviaducten,0
1,"Saturday, June 30, 2012",eva lantsoght,http://phdtalk.blogspot.com/2012/06/who-buys-music-anyway.html,Who buys music anyway?,2
1,"Thursday, June 28, 2012",eva lantsoght,http://phdtalk.blogspot.com/2012/06/ten-great-blogs-for-phd-students.html,Ten great blogs for PhD students,21
1,"Tuesday, June 26, 2012",eva lantsoght,http://phdtalk.blogspot.com/2012/06/giving-poster-presentation-for-first.html,Giving a poster presentation for the first time,5
1,"Sunday, June 24, 2012",eva lantsoght,http://phdtalk.blogspot.com/2012/06/international-bridge-conference-2012.html,International Bridge Conference 2012,2
1,"Tuesday, June 5, 2012",eva lantsoght,http://phdtalk.blogspot.com/2012/06/my-time-management-system.html,My time management system,8
1,"Saturday, May 26, 2012",eva lantsoght,http://phdtalk.blogspot.com/2012/05/top-10-posts-on-phd-talk.html,Top 10 posts on PhD Talk,1
1,"Sunday, May 13, 2012",eva lantsoght,http://phdtalk.blogspot.com/2012/05/priorities-versus-dead-work.html,Priorities versus Dead Work,0
1,"Monday, April 30, 2012",eva lantsoght,http://phdtalk.blogspot.com/2012/04/book-review-george-saunders-pastoralia.html,Book review: George Saunders - Pastoralia,0
1,"Saturday, April 28, 2012",eva lantsoght,http://phdtalk.blogspot.com/2012/04/pzizz.html,Pzizz,4
1,"Thursday, April 26, 2012",eva lantsoght,http://phdtalk.blogspot.com/2012/04/benefits-of-750-words.html,The benefits of 750 words,0
1,"Monday, April 23, 2012",eva lantsoght,http://phdtalk.blogspot.com/2012/04/how-to-make-meditation-habit.html,How to make meditation a habit,0
1,"Saturday, April 21, 2012",eva lantsoght,http://phdtalk.blogspot.com/2012/04/twitter-and-scientists.html,Twitter and scientists,2
1,"Friday, April 20, 2012",eva lantsoght,http://phdtalk.blogspot.com/2012/04/at-beginning-of-road.html,At the beginning of the road...,0
1,"Monday, April 16, 2012",eva lantsoght,http://phdtalk.blogspot.com/2012/04/how-to-write-paper-in-two-days.html,How to write a paper in two days,5
1,"Saturday, April 14, 2012",eva lantsoght,http://phdtalk.blogspot.com/2012/04/getting-your-message-through-on-twitter.html,Getting your message through on Twitter,2
1,"Thursday, April 12, 2012",eva lantsoght,http://phdtalk.blogspot.com/2012/04/slideshare.html,Slideshare,4
1,"Wednesday, April 11, 2012",eva lantsoght,http://phdtalk.blogspot.com/2012/04/gaining-confidence-in-your-research.html,Gaining confidence in your research,0
1,"Monday, April 9, 2012",eva lantsoght,http://phdtalk.blogspot.com/2012/04/on-perseverance.html,On perseverance,4
1,"Thursday, April 5, 2012",eva lantsoght,http://phdtalk.blogspot.com/2012/04/to-pomodoro-or-not-to-pomodoro.html,To Pomodoro or not to Pomodoro?,5
1,"Monday, April 2, 2012",eva lantsoght,http://phdtalk.blogspot.com/2012/04/improving-your-spotify-experience.html,Improving your Spotify experience,0
1,"Saturday, March 31, 2012",eva lantsoght,http://phdtalk.blogspot.com/2012/03/thank-you-fulbright.html,Thank you Fulbright,6
1,"Thursday, March 29, 2012",eva lantsoght,http://phdtalk.blogspot.com/2012/03/first-lecture-ever.html,First lecture - ever,0
1,"Wednesday, March 28, 2012",eva lantsoght,http://phdtalk.blogspot.com/2012/03/setup-for-half-scale-slab-shear.html,A setup for half-scale slab shear experiments,0
1,"Monday, March 26, 2012",eva lantsoght,http://phdtalk.blogspot.com/2012/03/finding-time-for-writing.html,Finding time for writing,9
1,"Saturday, March 24, 2012",eva lantsoght,http://phdtalk.blogspot.com/2012/03/phd-movie.html,The PhD Movie,0
1,"Thursday, March 22, 2012",eva lantsoght,http://phdtalk.blogspot.com/2012/03/using-iphone-to-battle-insomnia.html,Using the iPhone to battle insomnia,7
1,"Wednesday, March 21, 2012",eva lantsoght,http://phdtalk.blogspot.com/2012/03/from-real-traffic-on-bridge-to-square.html,From real traffic on a bridge to a square steel plate,2
1,"Monday, March 19, 2012",eva lantsoght,http://phdtalk.blogspot.com/2012/03/writers-little-helper.html,The writer's little helper,0
1,"Sunday, March 18, 2012",eva lantsoght,http://phdtalk.blogspot.com/2012/03/contents-of-my-job.html,Contents of my job,3
1,"Thursday, February 16, 2012",eva lantsoght,http://phdtalk.blogspot.com/2012/02/new-world-of-work-for-scientists.html,A new world of work for scientists,0
1,"Monday, February 13, 2012",eva lantsoght,http://phdtalk.blogspot.com/2012/02/doing-phd-is-it-work-or-school.html,Doing a PhD: is it work or school?,0
1,"Sunday, February 12, 2012",eva lantsoght,http://phdtalk.blogspot.com/2012/02/inserting-chapter-title-to-header-in.html,Inserting the chapter title to the header in Word 2010,32
1,"Saturday, February 11, 2012",eva lantsoght,http://phdtalk.blogspot.com/2012/02/explaining-your-work-to-friends-and.html,Explaining your work to friends and family,4
1,"Monday, February 6, 2012",eva lantsoght,http://phdtalk.blogspot.com/2012/02/tools-for-planning-towards-defense.html,Tools for planning towards the defense,1
1,"Saturday, February 4, 2012",eva lantsoght,http://phdtalk.blogspot.com/2012/02/another-presentation-style.html,Another presentation style,6
1,"Saturday, January 21, 2012",eva lantsoght,http://phdtalk.blogspot.com/2012/01/journal-top-5.html,Journal top 5,2
1,"Thursday, January 19, 2012",eva lantsoght,http://phdtalk.blogspot.com/2012/01/simplify.html,Simplify,2
1,"Sunday, January 8, 2012",eva lantsoght,http://phdtalk.blogspot.com/2012/01/cleaning-out-information-stream.html,Cleaning out the information stream,4
1,"Monday, November 28, 2011",eva lantsoght,http://phdtalk.blogspot.com/2011/11/four-reasons-for-blogging.html,Four reasons for blogging,5
1,"Monday, November 14, 2011",eva lantsoght,http://phdtalk.blogspot.com/2011/11/basic-elements-of-presentation-with.html,The basic elements of a presentation with slides,0
1,"Sunday, November 13, 2011",eva lantsoght,http://phdtalk.blogspot.com/2011/11/how-to-present-calculations-in-report.html,How to present calculations in a report,0
1,"Monday, November 7, 2011",eva lantsoght,http://phdtalk.blogspot.com/2011/11/ideas-and-feynman-tedxdelft.html,Ideas - and Feynman (TEDxDelft),1
1,"Sunday, November 6, 2011",eva lantsoght,http://phdtalk.blogspot.com/2011/11/space-research-and-tourism-tedxdelft.html,Space: Research and Tourism (TEDxDelft),0
1,"Wednesday, October 19, 2011",eva lantsoght,http://phdtalk.blogspot.com/2011/10/creating-history-tedxdelft-7-november.html,Creating history &#8211; TEDxDelft 7 november 2011,0
1,"Wednesday, October 12, 2011",eva lantsoght,http://phdtalk.blogspot.com/2011/10/studying-versus-research.html,Studying versus Research,5
1,"Monday, October 10, 2011",eva lantsoght,http://phdtalk.blogspot.com/2011/10/five-pitfalls-to-avoid-when-working.html,Five pitfalls to avoid when working from home,5
1,"Thursday, September 29, 2011",eva lantsoght,http://phdtalk.blogspot.com/2011/09/diversity.html,Diversity,2
1,"Thursday, September 22, 2011",eva lantsoght,http://phdtalk.blogspot.com/2011/09/presentation-in-dutch.html,A presentation in Dutch,0
1,"Monday, September 19, 2011",eva lantsoght,http://phdtalk.blogspot.com/2011/09/five-reasons-why-i-decided-to-pursue.html,Five reasons why I decided to pursue a PhD,3
1,"Thursday, September 15, 2011",eva lantsoght,http://phdtalk.blogspot.com/2011/09/blog-birthday.html,Blog birthday!,3
1,"Sunday, September 11, 2011",eva lantsoght,http://phdtalk.blogspot.com/2011/09/structural-engineering-conferences.html,Structural engineering conferences,0
1,"Saturday, September 3, 2011",eva lantsoght,http://phdtalk.blogspot.com/2011/09/five-helpful-websites.html,Five helpful websites,4
1,"Thursday, September 1, 2011",eva lantsoght,http://phdtalk.blogspot.com/2011/09/halfway-my-phd.html,Halfway my PhD,0
1,"Monday, August 29, 2011",eva lantsoght,http://phdtalk.blogspot.com/2011/08/making-of-specimen.html,The making of a specimen,4
1,"Sunday, August 28, 2011",eva lantsoght,http://phdtalk.blogspot.com/2011/08/phd-defense-at-georgia-tech.html,A PhD defense at Georgia Tech,0
1,"Thursday, August 25, 2011",eva lantsoght,http://phdtalk.blogspot.com/2011/08/blog-post-about-holidays.html,Blog post about holidays,2
1,"Monday, August 1, 2011",eva lantsoght,http://phdtalk.blogspot.com/2011/08/how-to-write-abstract-in-30-minutes.html,How to write an abstract in 30 minutes,38
1,"Sunday, July 31, 2011",eva lantsoght,http://phdtalk.blogspot.com/2011/07/book-review-starting-research.html,Book review: Starting research: An introduction to academic research and dissertation writing - Roy Preece,2
1,"Friday, July 22, 2011",eva lantsoght,http://phdtalk.blogspot.com/2011/07/focus-booster.html,Focus Booster,7
1,"Monday, July 18, 2011",eva lantsoght,http://phdtalk.blogspot.com/2011/07/heres-list-of-what-i-currently-have-in.html,Blogs I am currently following,9
1,"Sunday, July 17, 2011",eva lantsoght,http://phdtalk.blogspot.com/2011/07/using-shortcuts-to-write-faster.html,Using shortcuts to write faster,7
1,"Monday, July 11, 2011",eva lantsoght,http://phdtalk.blogspot.com/2011/07/who-am-i-to-speak-up.html,Who am I to speak up?,5
1,"Sunday, July 10, 2011",eva lantsoght,http://phdtalk.blogspot.com/2011/07/how-to-tackle-large-task.html,How to tackle a large task,11
1,"Sunday, July 3, 2011",eva lantsoght,http://phdtalk.blogspot.com/2011/07/more-mindfulness.html,More mindfulness,0
1,"Thursday, June 30, 2011",eva lantsoght,http://phdtalk.blogspot.com/2011/06/assisting-assignments.html,Assisting assignments,0
1,"Monday, June 27, 2011",eva lantsoght,http://phdtalk.blogspot.com/2011/06/in-defense-of-latin-in-secondary.html,In defense of Latin in secondary schools,4
1,"Sunday, June 26, 2011",eva lantsoght,http://phdtalk.blogspot.com/2011/06/software-review-codeform-and-codeproof.html,Software review: Codeform and Codeproof,2
1,"Monday, June 20, 2011",eva lantsoght,http://phdtalk.blogspot.com/2011/06/reviewers-comments.html,Reviewers' comments,4
1,"Sunday, June 19, 2011",eva lantsoght,http://phdtalk.blogspot.com/2011/06/how-to-make-your-autobiographical-essay.html,How to make your autobiographical essay stand out,0
1,"Tuesday, June 14, 2011",eva lantsoght,http://phdtalk.blogspot.com/2011/06/fib-symposium-2011-paper-and.html,fib Symposium 2011 - paper and presentation,0
1,"Sunday, June 5, 2011",eva lantsoght,http://phdtalk.blogspot.com/2011/06/julie-project.html,The Julie Project,0
1,"Monday, May 30, 2011",eva lantsoght,http://phdtalk.blogspot.com/2011/05/how-to-get-phd-by-phillip-and-pugh.html,How to get a PhD by Phillips and Pugh,1
1,"Friday, May 27, 2011",eva lantsoght,http://phdtalk.blogspot.com/2011/05/leechblock.html,Leechblock,0
1,"Wednesday, May 25, 2011",eva lantsoght,http://phdtalk.blogspot.com/2011/05/our-lab-on-tv.html,Our lab on TV,0
1,"Tuesday, May 24, 2011",eva lantsoght,http://phdtalk.blogspot.com/2011/05/preparing-presentation-without-slides_24.html,Preparing a presentation without slides - the aftermath,0
1,"Saturday, May 21, 2011",eva lantsoght,http://phdtalk.blogspot.com/2011/05/preparing-presentation-without-slides.html,Preparing a presentation without slides,0
1,"Tuesday, May 17, 2011",eva lantsoght,http://phdtalk.blogspot.com/2011/05/asce-structures-congress-2011-paper-and.html,ASCE Structures Congress 2011 - paper and presentation,0
1,"Sunday, April 10, 2011",eva lantsoght,http://phdtalk.blogspot.com/2011/04/keukenhof.html,Keukenhof,1
1,"Friday, April 8, 2011",eva lantsoght,http://phdtalk.blogspot.com/2011/04/four-mindful-habits.html,Four mindful habits,0
1,"Monday, April 4, 2011",eva lantsoght,http://phdtalk.blogspot.com/2011/04/unwritten-rules-of-phd-research-gordon.html,The Unwritten Rules of PhD Research - Gordon Rugg and Marian Petre,5
1,"Sunday, April 3, 2011",eva lantsoght,http://phdtalk.blogspot.com/2011/04/gremlins-and-procrastination.html,Gremlins and procrastination,4
1,"Monday, March 28, 2011",eva lantsoght,http://phdtalk.blogspot.com/2011/03/how-much-time-does-conference-take.html,How much time does a conference take?,3
1,"Sunday, March 27, 2011",eva lantsoght,http://phdtalk.blogspot.com/2011/03/decisions-and-priorities.html,Decisions and priorities,8
1,"Saturday, March 19, 2011",eva lantsoght,http://phdtalk.blogspot.com/2011/03/mindfulness-update.html,Mindfulness - an update,3
1,"Thursday, March 17, 2011",eva lantsoght,http://phdtalk.blogspot.com/2011/03/fe-places-worth-visiting-in-amsterdam.html,A few places worth visiting in Amsterdam,0
1,"Monday, March 14, 2011",eva lantsoght,http://phdtalk.blogspot.com/2011/03/afternoon-without-network-connection.html,An afternoon without network connection,2
1,"Thursday, March 10, 2011",eva lantsoght,http://phdtalk.blogspot.com/2011/03/phases-of-reading.html,The phases of reading,1
1,"Monday, March 7, 2011",eva lantsoght,http://phdtalk.blogspot.com/2011/03/ten-reasons-why-you-should-study-abroad.html,Ten reasons why you should study abroad,2
1,"Sunday, March 6, 2011",eva lantsoght,http://phdtalk.blogspot.com/2011/03/lack-of-sleep-part-two.html,Lack of sleep - Part two,0
1,"Friday, March 4, 2011",eva lantsoght,http://phdtalk.blogspot.com/2011/03/my-phd-study-companion.html,My PhD study companion,2
1,"Monday, February 28, 2011",eva lantsoght,http://phdtalk.blogspot.com/2011/02/my-analysis-report-or-how-to-analyze.html,My analysis report or How to analyze large amounts of test data,1
1,"Sunday, February 27, 2011",eva lantsoght,http://phdtalk.blogspot.com/2011/02/reimbursement.html,Reimbursement,0
1,"Saturday, February 26, 2011",eva lantsoght,http://phdtalk.blogspot.com/2011/02/strengths-or-challenge.html,Strengths or Challenge?,2
1,"Thursday, February 24, 2011",eva lantsoght,http://phdtalk.blogspot.com/2011/02/magritte.html,Magritte,2
1,"Monday, February 21, 2011",eva lantsoght,http://phdtalk.blogspot.com/2011/02/seven-simple-steps-to-tackle-writers.html,Seven simple steps to tackle writer's block,4
1,"Thursday, February 17, 2011",eva lantsoght,http://phdtalk.blogspot.com/2011/02/five-ways-to-jumpstart-your-day.html,Five ways to jumpstart your day,5
1,"Monday, February 14, 2011",eva lantsoght,http://phdtalk.blogspot.com/2011/02/5-tips-to-boost-your-productivity.html,5 tips to boost your productivity,1
1,"Sunday, February 13, 2011",eva lantsoght,http://phdtalk.blogspot.com/2011/02/importance-of-good-communication.html,The importance of good communication,0
1,"Monday, February 7, 2011",eva lantsoght,http://phdtalk.blogspot.com/2011/02/how-i-started-to-take-my-own-deadlines.html,How I started to take my own deadlines and planning seriously,2
1,"Thursday, February 3, 2011",eva lantsoght,http://phdtalk.blogspot.com/2011/02/ten-tips-for-better-concentration.html,Ten tips for a better concentration,5
1,"Sunday, January 30, 2011",eva lantsoght,http://phdtalk.blogspot.com/2011/01/building-successful-career-in.html,Building a Successful Career in Scientific Research by Phil Dee - Book review,1
1,"Saturday, January 29, 2011",eva lantsoght,http://phdtalk.blogspot.com/2011/01/7-ways-to-motivate-yourself.html,7 ways to motivate yourself,24
1,"Thursday, January 27, 2011",eva lantsoght,http://phdtalk.blogspot.com/2011/01/literature-review-sequel.html,Literature review - The sequel,0
1,"Monday, January 24, 2011",eva lantsoght,http://phdtalk.blogspot.com/2011/01/how-to-handle-large-amount-of.html,How to handle a large amount of literature,23
1,"Sunday, January 23, 2011",eva lantsoght,http://phdtalk.blogspot.com/2011/01/mindfulness-your-thoughts-as-leaves-on.html,Mindfulness - your thoughts as leaves on a stream,0
1,"Friday, January 21, 2011",eva lantsoght,http://phdtalk.blogspot.com/2011/01/riddle-of-shear-failure.html,The riddle of shear failure,7
1,"Thursday, January 20, 2011",eva lantsoght,http://phdtalk.blogspot.com/2011/01/silent-creativity-killer-lack-of-sleep.html,The silent creativity killer: lack of sleep,0
1,"Tuesday, January 18, 2011",eva lantsoght,http://phdtalk.blogspot.com/2011/01/phd-defense-at-tu-delft.html,A PhD defense at TU Delft,11
1,"Sunday, January 16, 2011",eva lantsoght,http://phdtalk.blogspot.com/2011/01/few-thoughts-on-video-mindfulness-with.html,"A few thoughts on the video ""Mindfulness with Jon Kabat-Zinn""",0
1,"Friday, January 14, 2011",eva lantsoght,http://phdtalk.blogspot.com/2011/01/reflections-on-lifehacks-11-things-to.html,Reflections on Lifehack's 11 things to avoid in 2011,0
1,"Thursday, January 13, 2011",eva lantsoght,http://phdtalk.blogspot.com/2011/01/if-i-had-time-machine.html,If I had a time machine...,2
1,"Monday, January 10, 2011",eva lantsoght,http://phdtalk.blogspot.com/2011/01/mastering-your-phd-by-p-gosling-and-b.html,Mastering your PhD by P. Gosling and B. Noordam - Book Review,2
1,"Sunday, January 9, 2011",eva lantsoght,http://phdtalk.blogspot.com/2011/01/overcoming-fear.html,Overcoming fear,4
1,"Saturday, January 8, 2011",eva lantsoght,http://phdtalk.blogspot.com/2011/01/some-motivational-words.html,Some motivational words,0
1,"Friday, January 7, 2011",eva lantsoght,http://phdtalk.blogspot.com/2011/01/reflecting-on-reverb10.html,Reflecting on Reverb10,0
1,"Thursday, January 6, 2011",eva lantsoght,http://phdtalk.blogspot.com/2011/01/first-steps-into-mindfulness.html,First steps into mindfulness,4
1,"Thursday, January 6, 2011",eva lantsoght,http://phdtalk.blogspot.com/2011/01/reverb10-day-28-achieve.html,Reverb10 - Day 28: Achieve,1
1,"Wednesday, January 5, 2011",eva lantsoght,http://phdtalk.blogspot.com/2011/01/reverb10-day-27-ordinary-joy.html,Reverb10 - Day 27: Ordinary Joy,0
1,"Wednesday, January 5, 2011",eva lantsoght,http://phdtalk.blogspot.com/2011/01/reverb10-day-21-future-self.html,Reverb10 - Day 21: Future self,0
1,"Tuesday, January 4, 2011",eva lantsoght,http://phdtalk.blogspot.com/2011/01/reverb10-day-20-beyond-avoidance.html,Reverb10 - Day 20: Beyond Avoidance,0
1,"Tuesday, December 14, 2010",eva lantsoght,http://phdtalk.blogspot.com/2010/12/reverb-10-day-14-appreciate-or-how-i.html,Reverb 10 - Day 14: Appreciate or How I came to terms with my situation.,1
1,"Monday, December 13, 2010",eva lantsoght,http://phdtalk.blogspot.com/2010/12/reverb10-day-13-action.html,Reverb10 - Day 13: Action,0
1,"Sunday, December 12, 2010",eva lantsoght,http://phdtalk.blogspot.com/2010/12/reverb10-day-12-body-integration-part-2.html,Reverb10 - Day 12: Body Integration - Part 2,0
1,"Saturday, December 11, 2010",eva lantsoght,http://phdtalk.blogspot.com/2010/12/reverb10-day-12-body-integration.html,Reverb10 - Day 12: Body Integration,1
1,"Thursday, December 9, 2010",eva lantsoght,http://phdtalk.blogspot.com/2010/12/reverb10-day-1111-things.html,Reverb10 - Day 11:11 things,3
1,"Thursday, December 9, 2010",eva lantsoght,http://phdtalk.blogspot.com/2010/12/reverb10-day-9party.html,Reverb10 - Day 9:Party,0
1,"Wednesday, December 8, 2010",eva lantsoght,http://phdtalk.blogspot.com/2010/12/reverb-10-day-8-beautifully-different.html,Reverb 10 - Day 8: Beautifully Different,0
1,"Tuesday, December 7, 2010",eva lantsoght,http://phdtalk.blogspot.com/2010/12/reverb10-day-7-community.html,Reverb10 - Day 7: Community,0
1,"Monday, December 6, 2010",eva lantsoght,http://phdtalk.blogspot.com/2010/12/just-ask.html,Just ask,0
1,"Sunday, December 5, 2010",eva lantsoght,http://phdtalk.blogspot.com/2010/12/reverb10-day-6-make.html,Reverb10 - Day 6: Make,1
1,"Sunday, December 5, 2010",eva lantsoght,http://phdtalk.blogspot.com/2010/12/reverb10-day-3-moment.html,Reverb10 - Day 3: Moment,0
1,"Friday, December 3, 2010",eva lantsoght,http://phdtalk.blogspot.com/2010/12/reverb10-day-2-writing.html,Reverb10 - Day 2: Writing,0
1,"Wednesday, December 1, 2010",eva lantsoght,http://phdtalk.blogspot.com/2010/12/reverb10-day-1-one-word.html,Reverb10 - Day 1: One word,0
1,"Tuesday, November 30, 2010",eva lantsoght,http://phdtalk.blogspot.com/2010/12/evaluation-of-my-presentation.html,Evaluation of my presentation,0
1,"Monday, November 22, 2010",eva lantsoght,http://phdtalk.blogspot.com/2010/12/tomorrows-presentation.html,Tomorrow's presentation,0
1,"Thursday, November 18, 2010",eva lantsoght,http://phdtalk.blogspot.com/2010/11/social-media-and-academics.html,Social Media and Academics,1
1,"Monday, November 15, 2010",eva lantsoght,http://phdtalk.blogspot.com/2010/11/branding-fail.html,Branding Fail,0
1,"Monday, November 8, 2010",eva lantsoght,http://phdtalk.blogspot.com/2010/11/work-life-balance-thing.html,The work-life balance thing,0
1,"Friday, October 8, 2010",eva lantsoght,http://phdtalk.blogspot.com/2010/11/how-few-software-tools-created-several.html,How a few software tools created several hours per week...,1
1,"Monday, October 4, 2010",eva lantsoght,http://phdtalk.blogspot.com/2010/10/friday-already.html,Friday already?,2
1,"Friday, September 24, 2010",eva lantsoght,http://phdtalk.blogspot.com/2010/10/day-zero-project.html,Day zero project,1
1,"Friday, September 17, 2010",eva lantsoght,http://phdtalk.blogspot.com/2010/09/few-good-friday-habits.html,A few good Friday habits,0
1,"Thursday, September 16, 2010",eva lantsoght,http://phdtalk.blogspot.com/2010/09/first-steps-in-speed-reading.html,First steps in speed reading,0
1,"Tuesday, September 14, 2010",eva lantsoght,http://phdtalk.blogspot.com/2010/09/new-blog.html,A new blog,0
